date,theme,season,feast,description,class,liturgical-colour,translated,spb,emberogation,bishop,year-from,year-to,rcl,daily
18/11/2021,white,Pentecost,St Fergus,"Bishop, c.750",6,White,,,,,2020,2021,B,1
19/11/2021,white,Pentecost,St Hilda of Whitby,"Abbess, 680",6,White,,,,,2020,2021,B,1
20/11/2021,green,Pentecost,Saturday after Pentecost 25,Feria,,Green,,,,,2020,2021,B,1
21/11/2021,white,Pentecost,The Last Sunday after Pentecost,Christ the King,3,White or Red,,SPB Sunday next before Advent,,,2020,2021,B,1
22/11/2021,white,Pentecost,St Cecilia,"Martyr, c.230",6,White,,,,,2020,2021,B,1
23/11/2021,red,Pentecost,St Clement of Rome,"Bishop and Martyr, c.100",6,Red,,,,,2020,2021,B,1
24/11/2021,white,Pentecost,Lucy Menzies,"Scholar and Mystic, 1954",6,White,,,,,2020,2021,B,1
25/11/2021,white,Pentecost,St Columban,"Bishop, 615",6,White,Translated from 21 November,,,,2020,2021,B,1
26/11/2021,green,Pentecost,Friday after the Last Sunday after Pentecost,Feria,,Green,,,,,2020,2021,B,1
27/11/2021,green,Pentecost,Saturday after the Last Sunday after Pentecost,Feria,,Green,,,,,2020,2021,B,1
28/11/2021,violet,Advent,First Sunday of Advent,Advent 1,1,Violet,,,,,2021,2022,C,2
29/11/2021,violet,Advent,Monday after First Sunday of Advent,Feria,,Violet,,,,,2021,2022,C,2
30/11/2021,red,Advent,St Andrew,Apostle and Patron of Scotland,4,Red,,,,,2021,2022,C,2
01/12/2021,white,Advent,Charles de Foucauld,"Priest and Hermit, 1916",6,White,,,,,2021,2022,C,2
02/12/2021,white,Advent,Nicholas Ferrar,"Deacon, 1637",6,White,,,,,2021,2022,C,2
03/12/2021,white,Advent,Francis Xavier,"Priest and Missionary, 1552",6,White,,,,,2021,2022,C,2
04/12/2021,white,Advent,St Clement of Alexandria,"Teacher of the Faith, c.214",6,White,,,,,2021,2022,C,2
05/12/2021,violet,Advent,Second Sunday of Advent,Advent 2,1,Violet,,,,,2021,2022,C,2
06/12/2021,white,Advent,St Nicholas of Myra,"Bishop, 4th century",6,White,,,,,2021,2022,C,2
07/12/2021,white,Advent,St Ambrose of Milan,"Bishop and Teacher of the Faith, 397",6,White,,,,,2021,2022,C,2
08/12/2021,white,Advent,The Conception of St Mary,Mother of the Lord,5,White,,,,,2021,2022,C,2
09/12/2021,violet,Advent,Thursday after Second Sunday of Advent,Feria,,Violet,,,,,2021,2022,C,2
10/12/2021,violet,Advent,Friday after Second Sunday of Advent,Feria,,Violet,,,,,2021,2022,C,2
11/12/2021,violet,Advent,Saturday after Second Sunday of Advent,Feria,,Violet,,,,,2021,2022,C,2
12/12/2021,violet,Advent,Third Sunday of Advent,Advent 3,1,Violet,,,,,2021,2022,C,2
13/12/2021,violet,Advent,Monday after Third Sunday of Advent,Feria,,Violet,,,,,2021,2022,C,2
14/12/2021,white,Advent,St John of the Cross,"Priest and Teacher of the Faith, 1591",6,White,,,,,2021,2022,C,2
15/12/2021,violet,Advent,Wednesday after Third Sunday of Advent,Feria,,Violet,,,Ember Day,,2021,2022,C,2
16/12/2021,violet,Advent,Thursday after Third Sunday of Advent,Feria,,Violet,,,,,2021,2022,C,2
17/12/2021,violet,Advent,Friday after Third Sunday of Advent,Feria,,Violet,,,Ember Day,,2021,2022,C,2
18/12/2021,violet,Advent,Saturday after Third Sunday of Advent,Feria,,Violet,,,Ember Day,,2021,2022,C,2
19/12/2021,violet,Advent,Fourth Sunday of Advent,Advent 4,1,Violet,,,,,2021,2022,C,2
20/12/2021,violet,Advent,Monday after Fourth Sunday of Advent,Feria,,Violet,,,,,2021,2022,C,2
21/12/2021,red,Advent,St Thomas,Apostle,4,Red,If not kept on 3 July,,,,2021,2022,C,2
22/12/2021,violet,Advent,Wednesday after Fourth Sunday of Advent,Feria,,Violet,,,,,2021,2022,C,2
23/12/2021,violet,Advent,Thursday after Fourth Sunday of Advent,Feria,,Violet,,,,,2021,2022,C,2
24/12/2021,violet,Advent,Christmas Eve,Christmas Vigil,2,Violet,,,,,2021,2022,C,2
25/12/2021,white,Christmas,Christmas Day,The birth of Jesus Christ,1,White,,,,,2021,2022,C,2
26/12/2021,white,Christmas,First Sunday after Christmas,Christmas 1,2,White,,,,,2021,2022,C,2
27/12/2021,white,Christmas,St John,Apostle and Evangelist,4,White,,,,,2021,2022,C,2
28/12/2021,white,Christmas,The Holy Innocents,The massacre of male children under two years in Bethlehem by King&nbsp;Herod the Great,4,White,,,,,2021,2022,C,2
29/12/2021,red,Christmas,St Stephen,Deacon and Martyr,4,Red,Translated from 26 December,,,,2021,2022,C,2
30/12/2021,white,Christmas,Josephine Butler,"Social reformer, 1906",6,White,,,,,2021,2022,C,2
31/12/2021,white,Christmas,John Wycliffe,"Priest, 1384",6,White,,,,,2021,2022,C,2
01/01/2022,white,Christmas,The Naming of Jesus,New Year's Day,2,White,,,,,2021,2022,C,2
02/01/2022,white,Christmas,Second Sunday after Christmas,Christmas 2,3,White,,,,,2021,2022,C,2
03/01/2022,white,Christmas,Monday after Second Sunday after Christmas,Feria,,White,,,,,2021,2022,C,2
04/01/2022,white,Christmas,Tuesday after Second Sunday after Christmas,Feria,,White,,,,,2021,2022,C,2
05/01/2022,white,Christmas,Wednesday after Second Sunday after Christmas,Feria,,White,,,,,2021,2022,C,2
06/01/2022,white,Epiphany,The Epiphany,The manifestation of Jesus Christ to the Gentiles,1,White,,,,,2021,2022,C,2
07/01/2022,white,Epiphany,Friday after the Epiphany,Feria,,White,,,,,2021,2022,C,2
08/01/2022,white,Epiphany,Saturday after the Epiphany,Feria,,White,,,,,2021,2022,C,2
09/01/2022,white,Epiphany,First Sunday after Epiphany,The Baptism of the Lord,2,White,,,,,2021,2022,C,2
10/01/2022,red,Epiphany,William Laud,"Bishop, 1645",6,Red,,,,,2021,2022,C,2
11/01/2022,red,Epiphany,St David,"King of Scots, 1153",6,Red,,,,,2021,2022,C,2
12/01/2022,green,Epiphany,Wednesday after First Sunday after Epiphany,Feria,,Green,,,,,2021,2022,C,2
13/01/2022,white,Epiphany,St Kentigern (or St Mungo),Bishop c.603,4,White,,,,,2021,2022,C,2
14/01/2022,white,Epiphany,St Hilary of Poitiers,"Bishop and Teacher of the Faith, c.367",6,White,,,,,2021,2022,C,2
15/01/2022,green,Epiphany,Saturday after First Sunday after Epiphany,Feria,,Green,,,,,2021,2022,C,2
16/01/2022,green,Epiphany,Second Sunday after Epiphany,Epiphany 2,3,Green,,,,,2021,2022,C,2
17/01/2022,white,Epiphany,St Antony of Egypt,"Abbot, 356",6,White,,,,,2021,2022,C,2
18/01/2022,white,Epiphany,The Confession of St Peter,St Peter proclaims Jesus to be the Christ,6,White,,,,,2021,2022,C,2
19/01/2022,green,Epiphany,Wednesday after Second Sunday after Epiphany,Feria,,Green,,,,,2021,2022,C,2
20/01/2022,green,Epiphany,Thursday after Second Sunday after Epiphany,Feria,,Green,,,,,2021,2022,C,2
21/01/2022,red,Epiphany,St Agnes,"Martyr, c.304",6,Red,,,,,2021,2022,C,2
22/01/2022,green,Epiphany,Saturday after Second Sunday after Epiphany,Feria,,Green,,,,,2021,2022,C,2
23/01/2022,green,Epiphany,Third Sunday after Epiphany,Epiphany 3,3,Green,,,,,2021,2022,C,2
24/01/2022,white,Epiphany,Francis de Sales,"Bishop, 1622",6,White,,,,,2021,2022,C,2
25/01/2022,white,Epiphany,The Conversion of St Paul,Apostle,4,White,,,,,2021,2022,C,2
26/01/2022,white,Epiphany,St Timothy and St Titus,Bishops,6,White,,,,,2021,2022,C,2
27/01/2022,white,Epiphany,St John Chrysostom,"Bishop and Teacher of the Faith, 407",6,White,,,,,2021,2022,C,2
28/01/2022,white,Epiphany,St Thomas Aquinas,"Teacher of the Faith, 1274",6,White,,,,,2021,2022,C,2
29/01/2022,green,Epiphany,Saturday after Third Sunday after Epiphany,Feria,,,,,,,2021,2022,C,2
30/01/2022,green,Epiphany,Fourth Sunday after Epiphany,Epiphany 4,3,Green,,,,,2021,2022,C,2
31/01/2022,red,Epiphany,Charles Mackenzie of Central Africa,"Bishop, Missionary and Martyr, 1862",6,Red,,,,,2021,2022,C,2
01/02/2022,white,Epiphany,St Bride of Kildare,"Abbess, c.525",6,White,,,,,2021,2022,C,2
02/02/2022,white,Epiphany,The Presentation of the Lord,Candlemas,2,White,,,,,2021,2022,C,2
03/02/2022,red,Epiphany,Saints and Martyrs of Europe,,6,Red,,,,,2021,2022,C,2
04/02/2022,green,Epiphany,Friday after Fourth Sunday after Epiphany,Feria,,Green,,,,"Ordination of the Rt Revd Kevin Pearson as Bishop of Glasgow and Galloway 2011â€”translated from Argyll and the Isles, 1 July 2020",2021,2022,C,2
05/02/2022,green,Epiphany,Saturday after Fourth Sunday after Epiphany,Feria,,Green,,,,,2021,2022,C,2
06/02/2022,green,Epiphany,Fifth Sunday after Epiphany,Epiphany 5,3,Green,,,,,2021,2022,C,2
07/02/2022,red,Epiphany,Paul Miki and the Martyrs of Japan,"Priest and Martyrs, 1597",6,Red,Translated from 6 February,,,,2021,2022,C,2
08/02/2022,green,Epiphany,Tuesday after Fifth Sunday after Epiphany,Feria,,Green,,,,,2021,2022,C,2
09/02/2022,green,Epiphany,Wednesday after Fifth Sunday after Epiphany,Feria,,Green,,,,,2021,2022,C,2
10/02/2022,white,Epiphany,St Scholastica,"Religious, 543",6,White,,,,,2021,2022,C,2
11/02/2022,green,Epiphany,Friday after Fifth Sunday after Epiphany,Feria,,Green,,,,,2021,2022,C,2
12/02/2022,green,Epiphany,Saturday after Fifth Sunday after Epiphany,Feria,,Green,,,,,2021,2022,C,2
13/02/2022,green,Epiphany,Sixth Sunday after Epiphany,Epiphany 6,3,Green,,SPB Septuagesima (Violet),,,2021,2022,C,2
14/02/2022,white,Epiphany,St Cyril and St Methodius,"Monk, 869 and Bishop, 885, Apostles of the Slavs",6,White,,,,,2021,2022,C,2
15/02/2022,white,Epiphany,Thomas Bray,"Priest and Missionary, 1730",6,White,,,,,2021,2022,C,2
16/02/2022,green,Epiphany,Wednesday after Sixth Sunday after Epiphany,Feria,,Green,,,,,2021,2022,C,2
17/02/2022,white,Epiphany,St Finan of Lindisfarne,"Bishop, 661",6,White,,,,,2021,2022,C,2
18/02/2022,white,Epiphany,St Colman of Lindisfarne,"Bishop, 676",6,White,,,,,2021,2022,C,2
19/02/2022,white,Epiphany,Martin Luther,"Priest and Reformer, 1546",6,White,,,,,2021,2022,C,2
20/02/2022,green,Epiphany,Seventh Sunday after Epiphany,Epiphany 7,3,Green,,SPB Sexagesima (Violet),,,2021,2022,C,2
21/02/2022,green,Epiphany,Monday after Seventh Sunday after Epiphany,Feria,,Green,,,,,2021,2022,C,2
22/02/2022,green,Epiphany,Tuesday after Seventh Sunday after Epiphany,Feria,,Green,,,,,2021,2022,C,2
23/02/2022,red,Epiphany,St Polycarp of Smyrna,"Bishop and Martyr, c.156",6,Red,,,,,2021,2022,C,2
24/02/2022,green,Epiphany,Thursday after Seventh Sunday after Epiphany,Feria,,Green,,,,,2021,2022,C,2
25/02/2022,green,Epiphany,Friday after Seventh Sunday after Epiphany,Feria,,Green,,,,,2021,2022,C,2
26/02/2022,green,Epiphany,Saturday after Seventh Sunday after Epiphany,Feria,,Green,,,,,2021,2022,C,2
27/02/2022,green,Epiphany,Sunday before Lent,Transfiguration,3,Green,,SPB Quinquagesima (Violet),,,2021,2022,C,2
28/02/2022,green,Epiphany,Monday after Sunday before Lent,Feria,,Green,,,,,2021,2022,C,2
01/03/2022,white,Epiphany,St David,"Bishop and Patron of Wales, c.601",6,White,,,,"Ordination of the Rt Revd Anne Dyer as Bishop of Aberdeen and Orkney, 2018",2021,2022,C,2
02/03/2022,violet,Lent,Ash Wednesday,The beginning of Lent,1,Violet or Lenten Array,,,,,2021,2022,C,2
03/03/2022,white,Lent,John and Charles Wesley,"Priests, 1791 and 1788",6,White,,,,,2021,2022,C,2
04/03/2022,red,Lent,St Adrian of May Island and Companions,"Abbot and Martyrs, 875",6,Red,,,,,2021,2022,C,2
05/03/2022,white,Lent,St Chad of Lichfield,"Bishop, 672",6,White,Translated from 2 March,,,,2021,2022,C,2
06/03/2022,violet,Lent,First Sunday of Lent,Lent 1,1,Violet or Lenten Array,,,,,2021,2022,C,2
07/03/2022,red,Lent,St Perpetua and her Companions,"Martyrs, 203",6,Red,,,,,2021,2022,C,2
08/03/2022,white,Lent,St Duthac,"Bishop, 1068",6,White,,,,,2021,2022,C,2
09/03/2022,white,Lent,St Baldred,"Bishop, 608 [6] White",6,White,Translated from 6 March,,Ember Day,,2021,2022,C,2
10/03/2022,red,Lent,St Kessog,"Bishop, c.700",6,Red,,,,,2021,2022,C,2
11/03/2022,violet,Lent,Friday after First Sunday of Lent,Feria,,Violet or Lenten Array,,,Ember Day,,2021,2022,C,2
12/03/2022,violet,Lent,Saturday after First Sunday of Lent,Feria,,Violet or Lenten Array,,,Ember Day,,2021,2022,C,2
13/03/2022,violet,Lent,Second Sunday of Lent,Lent 2,1,Violet or Lenten Array,,,,,2021,2022,C,2
14/03/2022,violet,Lent,Monday after Second Sunday of Lent,Feria,,Violet or Lenten Array,,,,,2021,2022,C,2
15/03/2022,violet,Lent,Tuesday after Second Sunday of Lent,Feria,,Violet or Lenten Array,,,,,2021,2022,C,2
16/03/2022,white,Lent,St Boniface of Ross,"Bishop, 8th century",6,White,,,,,2021,2022,C,2
17/03/2022,white,Lent,St Patrick,"Bishop and Patron of Ireland, c.461",4,White,,,,,2021,2022,C,2
18/03/2022,white,Lent,St Cyril of Jerusalem,"Bishop and Teacher of the Faith, 386",6,White,,,,,2021,2022,C,2
19/03/2022,white,Lent,St Joseph of Nazareth,Husband of St Mary,4,White,,,,,2021,2022,C,2
20/03/2022,violet,Lent,Third Sunday of Lent,Lent 3,1,Violet or Lenten Array,,,,,2021,2022,C,2
21/03/2022,red,Lent,Thomas Cranmer,"Bishop, 1556",6,Red,,,,,2021,2022,C,2
22/03/2022,white,Lent,Thomas Ken,"Bishop, 1711",6,White,,,,,2021,2022,C,2
23/03/2022,white,Lent,St Cuthbert,"Bishop, 687",6,White,Translated from 20 March,,,,2021,2022,C,2
24/03/2022,white,Lent,Paul Couturier,"Priest, 1953",6,White,,,,,2021,2022,C,2
25/03/2022,white,Lent,The Annunciation of the Lord,,2,White,,,,,2021,2022,C,2
26/03/2022,violet,Lent,Saturday after Third Sunday of Lent,Feria,,Violet or Lenten Array,,,,,2021,2022,C,2
27/03/2022,violet,Lent,Fourth Sunday of Lent,Lent 4 (Mothering Sunday),1,Violet or Lenten Array,,,,,2021,2022,C,2
28/03/2022,white,Lent,Patrick Forbes and the Aberdeen Doctors,"Bishop, 1635 and Teachers of the Faith",6,White,,,,,2021,2022,C,2
29/03/2022,white,Lent,John Keble,"Priest, 1866",6,White,,,,,2021,2022,C,2
30/03/2022,violet,Lent,Wednesday after Fourth Sunday of Lent,Feria,,Violet or Lenten Array,,,,,2021,2022,C,2
31/03/2022,violet,Lent,Thursday after Fourth Sunday of Lent,Feria,,Violet or Lenten Array,,,,,2021,2022,C,2
01/04/2022,white,Lent,St Gilbert of Caithness,"Bishop, 1245",6,White,,,,,2021,2022,C,2
02/04/2022,violet,Lent,Saturday after Fourth Sunday of Lent,Feria,,Violet or Lenten Array,,,,,2021,2022,C,2
03/04/2022,violet,Passiontide,Fifth Sunday of Lent,Passion Sunday: The beginning of Passiontide,1,Violet or Lenten Array,,,,,2021,2022,C,2
04/04/2022,violet,Passiontide,Monday after Fifth Sunday of Lent,Feria,,Violet or Lenten Array,,,,,2021,2022,C,2
05/04/2022,violet,Passiontide,Tuesday after Fifth Sunday of Lent,Feria,,Violet or Lenten Array,,,,,2021,2022,C,2
06/04/2022,violet,Passiontide,Wednesday after Fifth Sunday of Lent,Feria,,Violet or Lenten Array,,,,,2021,2022,C,2
07/04/2022,violet,Passiontide,Thursday after Fifth Sunday of Lent,Feria,,Violet or Lenten Array,,,,,2021,2022,C,2
08/04/2022,violet,Passiontide,Friday after Fifth Sunday of Lent,Feria,,Violet or Lenten Array,,,,,2021,2022,C,2
09/04/2022,red,Passiontide,Dietrich Bonhoeffer,"Theologian and Martyr, 1945",6,Red,,,,,2021,2022,C,2
10/04/2022,red,Holy Week,The Sunday of the Passion,Palm Sunday: The beginning of Holy Week,1,Red or Violet,,,,,2021,2022,C,2
11/04/2022,red,Holy Week,Monday of Holy Week,,1,Red or Violet,,,,,2021,2022,C,2
12/04/2022,red,Holy Week,Tuesday of Holy Week,,1,Red or Violet,,,,,2021,2022,C,2
13/04/2022,red,Holy Week,Wednesday of Holy Week,,1,Red or Violet,,,,,2021,2022,C,2
14/04/2022,white,Holy Week,Maundy Thursday,Paschal Triduum,1,White at the Eucharist,,,,,2021,2022,C,2
15/04/2022,red,Holy Week,Good Friday,Paschal Triduum,1,Red for the Liturgy; Hangings removed,,,,,2021,2022,C,2
16/04/2022,white,Holy Week,Holy Saturday,Paschal Triduum: Easter Eve,1,Hangings removed; White at the Easter Vigil,,,,,2021,2022,C,2
17/04/2022,white,Easter,Easter Day,Alleluia! Christ is risen!,1,White,,,,,2021,2022,C,2
18/04/2022,white,Easter,Monday of Easter week,Easter week,,White,,,,,2021,2022,C,2
19/04/2022,white,Easter,Tuesday of Easter week,Easter week,,White,,,,,2021,2022,C,2
20/04/2022,white,Easter,Wednesday of Easter week,Easter week,,White,,,,,2021,2022,C,2
21/04/2022,white,Easter,Thursday of Easter week,Easter week,,White,,,,,2021,2022,C,2
22/04/2022,white,Easter,Friday of Easter week,Easter week,,White,,,,,2021,2022,C,2
23/04/2022,white,Easter,Saturday of Easter week,Easter week,,White,,,,,2021,2022,C,2
24/04/2022,white,Easter,Second Sunday of Easter,Easter 2,1,White,,SPB First Sunday after Easter,,,2021,2022,C,2
25/04/2022,white,Easter,St Mark,Evangelist,4,Red,,,,,2021,2022,C,2
26/04/2022,white,Easter,Albert Ernest Laurie,"Priest, 1937",6,White,,,,,2021,2022,C,2
27/04/2022,white,Easter,Wednesday after Second Sunday of Easter,Feria,,White,,,,,2021,2022,C,2
28/04/2022,white,Easter,Thursday after Second Sunday of Easter,Feria,,White,,,,,2021,2022,C,2
29/04/2022,white,Easter,St Catherine of Siena,"Mystic and Teacher of the Faith, 1380",6,White,,,,,2021,2022,C,2
30/04/2022,white,Easter,Saturday after Second Sunday of Easter,Feria,,White,,,,,2021,2022,C,2
01/05/2022,white,Easter,Third Sunday of Easter,Easter 3,1,White,,SPB Second Sunday after Easter,,"Consecretion of the Rt Rev Dr Keith Riglin as the Bishop of Argyll and the Isles, 2021",2021,2022,C,2
02/05/2022,red,Easter,St Philip and St James,Apostles,4,Red,Translated from 1 May,,,,2021,2022,C,2
03/05/2022,white,Easter,St Athanasius,"Bishop and Teacher of the Faith, 373",6,White,Translated from 2 May,,,,2021,2022,C,2
04/05/2022,white,Easter,Wednesday after Third Sunday of Easter,Feria,,White,,,,,2021,2022,C,2
05/05/2022,white,Easter,Thursday after Third Sunday of Easter,Feria,,White,,,,,2021,2022,C,2
06/05/2022,white,Easter,Friday after Third Sunday of Easter,Feria,,White,,,,,2021,2022,C,2
07/05/2022,white,Easter,Saturday after Third Sunday of Easter,Feria,,White,,,,,2021,2022,C,2
08/05/2022,white,Easter,Fourth Sunday of Easter,Easter 4 (Vocations Sunday),1,White,,SPB Third Sunday after Easter,,,2021,2022,C,2
09/05/2022,white,Easter,St Julian of Norwich,"Theologian, Anchoress and Mystic, c.1417",6,White,Translated from 8 May,,,,2021,2022,C,2
10/05/2022,white,Easter,Tuesday after Fourth Sunday of Easter,Feria,,White,,,,,2021,2022,C,2
11/05/2022,white,Easter,Wednesday after Fourth Sunday of Easter,Feria,,White,,,,,2021,2022,C,2
12/05/2022,white,Easter,Thomas Rattray,"Bishop, 1743",6,White,,,,,2021,2022,C,2
13/05/2022,white,Easter,Friday after Fourth Sunday of Easter,Feria,,White,,,,,2021,2022,C,2
14/05/2022,red,Easter,St Matthias,Apostle,4,Red,,,,,2021,2022,C,2
15/05/2022,white,Easter,Fifth Sunday of Easter,Easter 5,1,White,,SPB Fourth Sunday after Easter,,,2021,2022,C,2
16/05/2022,white,Easter,Monday after Fifth Sunday of Easter,Feria,,White,,,,,2021,2022,C,2
17/05/2022,white,Easter,Tuesday after Fifth Sunday of Easter,Feria,,White,,,,,2021,2022,C,2
18/05/2022,white,Easter,Wednesday after Fifth Sunday of Easter,Feria,,White,,,,,2021,2022,C,2
19/05/2022,white,Easter,Thursday after Fifth Sunday of Easter,Feria,,White,,,,,2021,2022,C,2
20/05/2022,white,Easter,Friday after Fifth Sunday of Easter,Feria,,White,,,,,2021,2022,C,2
21/05/2022,white,Easter,St Helena,"Mother of Constantine the Great, c.330",6,White,,,,,2021,2022,C,2
22/05/2022,white,Easter,Sixth Sunday of Easter,Easter 6,1,White,,SPB Fifth Sunday after Easter,,,2021,2022,C,2
23/05/2022,red,Easter,St William of Perth (or Rochester),"Martyr, 1201",6,Red,,,Rogation Day,,2021,2022,C,2
24/05/2022,white,Easter,Tuesday after Sixth Sunday of Easter,Feria,,White,,,Rogation Day,,2021,2022,C,2
25/05/2022,white,Easter,"St Bede the Venerable, of Jarrow","Teacher of the Faith, 735",6,White,,,Rogation Day,,2021,2022,C,2
26/05/2022,white,Easter,Ascension Day,Feast of the Ascension of Jesus Christ,1,White,,,,,2021,2022,C,2
27/05/2022,white,Easter,St Augustine of Canterbury,"Bishop, c.604",6,White,Translated from 26 May,,,,2021,2022,C,2
28/05/2022,white,Easter,Saturday after Sixth Sunday of Easter,Feria,,White,,,,,2021,2022,C,2
29/05/2022,white,Easter,Seventh Sunday of Easter,Easter 7,1,White,,SPB Sunday after Ascension Day,,,2021,2022,C,2
30/05/2022,white,Easter,Monday after Seventh Sunday of Easter,Feria,,White,,,,,2021,2022,C,2
31/05/2022,white,Easter,The Visit of St Mary to St Elizabeth,,4,White,,,,,2021,2022,C,2
01/06/2022,red,Easter,St Justin of Rome,"Martyr, c.165",6,Red,,,,,2021,2022,C,2
02/06/2022,white,Easter,Thursday after Seventh Sunday of Easter,Feria,,White,,,,,2021,2022,C,2
03/06/2022,red,Easter,"Charles Lwanga and his companions, 1886; Janani Luwum, Bishop, 1977",Martyrs of Uganda,6,Red,,,,,2021,2022,C,2
04/06/2022,white,Easter,Pope John XXIII,"Bishop of Rome, Reformer, 1963",6,White,,,,,2021,2022,C,2
05/06/2022,red,Pentecost,The Day of Pentecost,Whitsunday,1,Red,,,,,2021,2022,C,2
06/06/2022,red,Pentecost,St Boniface of Mainz,"Bishop, Missionary and Martyr, 754",6,Red,Translated from 5 June,,,,2021,2022,C,2
07/06/2022,white,Pentecost,Tuesday after the Day of Pentecost (Whitsunday),Feria,,White,,,,,2021,2022,C,2
08/06/2022,white,Pentecost,St Ephrem the Syrian,"Deacon and Teacher of the Faith, 373",6,White,,,Ember Day,,2021,2022,C,2
09/06/2022,white,Pentecost,St Columba of Iona,"Abbot, 597",4,White,,,,,2021,2022,C,2
10/06/2022,white,Pentecost,Friday after the Day of Pentecost (Whitsunday),Feria,,White,,,Ember Day,,2021,2022,C,2
11/06/2022,red,Pentecost,St Barnabus,Apostle,4,Red,,,Ember Day,,2021,2022,C,2
12/06/2022,white,Pentecost,Trinity Sunday,Pentecost 1,2,White,,,,,2021,2022,C,2
13/06/2022,white,Pentecost,"John Skinner and John Skinner, ","Priest, 1807 and Bishop, 1816",6,White,Translated from 12 June,,,,2021,2022,C,2
14/06/2022,white,Pentecost,"St&nbsp;Basil of Caesarea, 379; St&nbsp;Gregory of Nazianzus, c.390; St&nbsp;Gregory of Nyssa, 394",Bishops and Teachers of the Faith,6,White,,,,,2021,2022,C,2
15/06/2022,white,Pentecost,Wednesday after Trinity Sunday,Feria,,White,,,,,2021,2022,C,2
16/06/2022,white,Pentecost,Corpus Christi,Thanksgiving for Holy Communion,5,White,,,,,2021,2022,C,2
17/06/2022,white,Pentecost,Friday after Trinity Sunday,Feria,,White,,,,,2021,2022,C,2
18/06/2022,red,Pentecost,Bernard Mizeki,"Martyr, 1896",6,Red,,,,,2021,2022,C,2
19/06/2022,green,Pentecost,Second Sunday after Pentecost,Pentecost 2,3,Green,,SPB Trinity 1,,,2021,2022,C,2
20/06/2022,red,Pentecost,St Fillan,"Abbot, c.750",6,Red,,,,,2021,2022,C,2
21/06/2022,green,Pentecost,Tuesday after Pentecost 2,Feria,,Green,,,,,2021,2022,C,2
22/06/2022,red,Pentecost,St Alban,"Martyr, c.303",6,Red,,,,,2021,2022,C,2
23/06/2022,green,Pentecost,Thursday after Pentecost 2,Feria,,Green,,,,,2021,2022,C,2
24/06/2022,white,Pentecost,The Birth of St John the Baptist,"Preacher, 1st century BC",4,White,,,,,2021,2022,C,2
25/06/2022,white,Pentecost,St Moluag of Lismore,"Bishop, 592",6,White,,,,,2021,2022,C,2
26/06/2022,green,Pentecost,Third Sunday after Pentecost,Pentecost 3,3,Green,,SPB Trinity 2,,,2021,2022,C,2
27/06/2022,white,Pentecost,Alexander Jolly,"Bishop, 1838",6,White,,,,,2021,2022,C,2
28/06/2022,white,Pentecost,St Irenaeus of Lyons,"Bishop and Teacher of the Faith, c.202",6,White,,,,,2021,2022,C,2
29/06/2022,red,Pentecost,St Peter (or St Peter and St Paul),Apostles,4,Red,,,,,2021,2022,C,2
30/06/2022,white,Pentecost,Robert Leighton,"Bishop, 1684",6,White,Translated from 26 June,,,,2021,2022,C,2
01/07/2022,white,Pentecost,St Serf,"Bishop, c.500",6,White,,,,,2021,2022,C,2
02/07/2022,green,Pentecost,Saturday after Pentecost 3,Feria,,Green,,,,,2021,2022,C,2
03/07/2022,green,Pentecost,Fourth Sunday after Pentecost,Pentecost 4,3,Green,,SPB Trinity 3,,,2021,2022,C,2
04/07/2022,red,Pentecost,St Thomas,Apostle,4,Red,Translated from 3 July (if not kept on 21 December),,,,2021,2022,C,2
05/07/2022,green,Pentecost,Tuesday after Pentecost 4,Feria,,Green,,,,,2021,2022,C,2
06/07/2022,white,Pentecost,St Palladius,"Bishop, c.450",6,White,,,,,2021,2022,C,2
07/07/2022,white,Pentecost,St Boisil,"Prior of Melrose, c.642",6,White,,,,,2021,2022,C,2
08/07/2022,green,Pentecost,Friday after Pentecost 4,Feria,,Green,,,,,2021,2022,C,2
09/07/2022,green,Pentecost,Saturday after Pentecost 4,Feria,,Green,,,,,2021,2022,C,2
10/07/2022,green,Pentecost,Fifth Sunday after Pentecost,Pentecost 5,3,Green,,SPB Trinity 4,,,2021,2022,C,2
11/07/2022,white,Pentecost,St Benedict of Nursia,"Abbot, c.550",6,White,,,,,2021,2022,C,2
12/07/2022,white,Pentecost,St Drostan of Deer,"Abbot, c.600",6,White,,,,,2021,2022,C,2
13/07/2022,green,Pentecost,Wednesday after Pentecost 5,Feria,,Green,,,,,2021,2022,C,2
14/07/2022,green,Pentecost,Thursday after Pentecost 5,Feria,,Green,,,,,2021,2022,C,2
15/07/2022,green,Pentecost,Friday after Pentecost 5,Feria,,Green,,,,,2021,2022,C,2
16/07/2022,green,Pentecost,Saturday after Pentecost 5,Feria,,Green,,,,,2021,2022,C,2
17/07/2022,green,Pentecost,Sixth Sunday after Pentecost,Pentecost 6,3,Green,,SPB Trinity 5,,,2021,2022,C,2
18/07/2022,red,Pentecost,Jane Haining,"Missionary and Martyr, 1944",6,Red,Translated from 17 July,,,,2021,2022,C,2
19/07/2022,green,Pentecost,Tuesday after Pentecost 6,Feria,,Green,,,,,2021,2022,C,2
20/07/2022,green,Pentecost,Wednesday after Pentecost 6,Feria,,Green,,,,,2021,2022,C,2
21/07/2022,white,Pentecost,William Wilberforce,"Politician and Philanthropist, 1833",6,White,,,,,2021,2022,C,2
22/07/2022,white,Pentecost,St Mary Magdalene,Disciple of Jesus and witness of the crucifixion,4,White,,,,,2021,2022,C,2
23/07/2022,green,Pentecost,Saturday after Pentecost 6,Feria,,Green,,,,,2021,2022,C,2
24/07/2022,green,Pentecost,Seventh Sunday after Pentecost,Pentecost 7,3,Green,,SPB Trinity 6,,,2021,2022,C,2
25/07/2022,red,Pentecost,St James,Apostle,4,Red,,,,,2021,2022,C,2
26/07/2022,white,Pentecost,St Anne and St Joachim,"Parents of Mary, Mother of the Lord",6,White,,,,,2021,2022,C,2
27/07/2022,white,Pentecost,John Comper,"Priest, 1903",6,White,,,,,2021,2022,C,2
28/07/2022,green,Pentecost,Thursday after Pentecost 7,Feria,,Green,,,,,2021,2022,C,2
29/07/2022,white,Pentecost,St Martha and St Mary of Bethany,,6,White,,,,,2021,2022,C,2
30/07/2022,white,Pentecost,St Silas,Companion of Saint Paul,6,White,,,,,2021,2022,C,2
31/07/2022,green,Pentecost,Eighth Sunday after Pentecost,Pentecost 8,3,Green,,SPB Trinity 7,,,2021,2022,C,2
01/08/2022,white,Pentecost,St Ignatius Loyola,"Priest and Religious, 1556",6,White,Translated from 31 July,,,,2021,2022,C,2
02/08/2022,green,Pentecost,Tuesday after Pentecost 8,Feria,,Green,,,,,2021,2022,C,2
03/08/2022,green,Pentecost,Wednesday after Pentecost 8,Feria,,Green,,,,,2021,2022,C,2
04/08/2022,green,Pentecost,Thursday after Pentecost 8,Feria,,Green,,,,,2021,2022,C,2
05/08/2022,red,Pentecost,St Oswald of Northumbria,"Martyr, 642",6,Red,,,,,2021,2022,C,2
06/08/2022,white,Pentecost,The Transfiguration of the Lord,,2,White,,,,,2021,2022,C,2
07/08/2022,green,Pentecost,Ninth Sunday after Pentecost,Pentecost 9,3,Green,,SPB Trinity 8,,,2021,2022,C,2
08/08/2022,white,Pentecost,St Dominic,"Priest and Friar, 1221",6,White,,,,,2021,2022,C,2
09/08/2022,white,Pentecost,John Mason Neale,"Priest, 1866",6,White,,,,,2021,2022,C,2
10/08/2022,red,Pentecost,St Lawrence,"Deacon and Martyr, 258",6,Red,,,,,2021,2022,C,2
11/08/2022,white,Pentecost,St Clare of Assisi,"Religious, 1253",6,White,,,,,2021,2022,C,2
12/08/2022,white,Pentecost,St Blane,"Missionary, c.590",6,White,,,,,2021,2022,C,2
13/08/2022,white,Pentecost,Jeremy Taylor,"Bishop, 1667",6,White,,,,,2021,2022,C,2
14/08/2022,green,Pentecost,Tenth Sunday after Pentecost,Pentecost 10,3,Green,,SPB Trinity 9,,,2021,2022,C,2
15/08/2022,white,Pentecost,St Mary the Virgin,Mother of the Lord,4,White,,,,,2021,2022,C,2
16/08/2022,red,Pentecost,Maximilian Kolbe,"Priest and Martyr, 1941",6,Red,Translated from 14 August,,,,2021,2022,C,2
17/08/2022,green,Pentecost,Wednesday after Pentecost 10,Feria,,Green,,,,,2021,2022,C,2
18/08/2022,green,Pentecost,Thursday after Pentecost 10,Feria,,Green,,,,,2021,2022,C,2
19/08/2022,green,Pentecost,Friday after Pentecost 10,Feria,,Green,,,,,2021,2022,C,2
20/08/2022,white,Pentecost,St Bernard of Clairvaux,"Abbot and Teacher of the Faith, 1153",6,White,,,,,2021,2022,C,2
21/08/2022,green,Pentecost,Eleventh Sunday after Pentecost,Pentecost 11,3,Green,,SPB Trinity 10,,,2021,2022,C,2
22/08/2022,green,Pentecost,Monday after Pentecost 11,Feria,,Green,,,,,2021,2022,C,2
23/08/2022,green,Pentecost,Tuesday after Pentecost 11,Feria,,Green,,,,,2021,2022,C,2
24/08/2022,red,Pentecost,St Bartholomew,Apostle,4,Red,,,,,2021,2022,C,2
25/08/2022,white,Pentecost,St Ebba of Coldingham,"Abbess, 683",6,White,,,,"Ordination of the Rt Revd Andrew Swift as Bishop of Brechin, 2018",2021,2022,C,2
26/08/2022,green,Pentecost,Friday after Pentecost 11,Feria,,Green,,,,,2021,2022,C,2
27/08/2022,white,Pentecost,St Monnica,"Mother of Augustine of Hippo, 387",6,White,,,,,2021,2022,C,2
28/08/2022,green,Pentecost,Twelfth Sunday after Pentecost,Pentecost 12,3,Green,,SPB Trinity 11,,,2021,2022,C,2
29/08/2022,red,Pentecost,The Beheading of St John the Baptist,,4,Red,,,,,2021,2022,C,2
30/08/2022,white,Pentecost,St Augustine of Hippo,"Bishop and Teacher of the Faith, 430",6,White,Translated from 28 August,,,,2021,2022,C,2
31/08/2022,white,Pentecost,St Aidan of Lindisfarne,"Bishop, 651",6,White,,,,,2021,2022,C,2
01/09/2022,green,Pentecost,Thursday after Pentecost 12,Feria,,Green,,,,,2021,2022,C,2
02/09/2022,red,Pentecost,The Martyrs of New Guinea,"Martyrs, 1942",6,Red,,,,,2021,2022,C,2
03/09/2022,white,Pentecost,St Gregory the Great,"Bishop and Teacher of the Faith, 604",6,White,,,,,2021,2022,C,2
04/09/2022,green,Creation,Thirteenth Sunday after Pentecost,Pentecost 13,3,Green,,SPB Trinity 12,,,2021,2022,C,2
05/09/2022,green,Creation,Monday after Pentecost 13,Feria,,Green,,,,,2021,2022,C,2
06/09/2022,green,Creation,Tuesday after Pentecost 13,Feria,,Green,,,,,2021,2022,C,2
07/09/2022,green,Creation,Wednesday after Pentecost 13,Feria,,Green,,,,,2021,2022,C,2
08/09/2022,white,Creation,The Birth of St Mary,Mother of the Lord,5,White,,,,,2021,2022,C,2
09/09/2022,green,Creation,Friday after Pentecost 13,Feria,,Green,,,,,2021,2022,C,2
10/09/2022,green,Creation,Saturday after Pentecost 13,Feria,,Green,,,,,2021,2022,C,2
11/09/2022,green,Creation,Fourteenth Sunday after Pentecost,Pentecost 14,3,Green,,SPB Trinity 13,,,2021,2022,C,2
12/09/2022,green,Creation,Monday after Pentecost 14,Feria,,Green,,,,,2021,2022,C,2
13/09/2022,red,Creation,St Cyprian of Carthage,"Bishop and Martyr, 258",6,Red,,,,,2021,2022,C,2
14/09/2022,white,Creation,Holy Cross Day,,5,White or Red,,,,,2021,2022,C,2
15/09/2022,green,Creation,Thursday after Pentecost 14,Feria,,Green,,,,,2021,2022,C,2
16/09/2022,white,Creation,St Ninian of Whithorn,"Bishop, 432",4,White,,,,,2021,2022,C,2
17/09/2022,white,Creation,St Hildegard of Bingen,"Abbess, 1179",6,White,,,,,2021,2022,C,2
18/09/2022,green,Creation,Fifteenth Sunday after Pentecost,Pentecost 15,3,Green,,SPB Trinity 14,,,2021,2022,C,2
19/09/2022,green,Creation,Monday after Pentecost 15,Feria,,Green,,,,,2021,2022,C,2
20/09/2022,red,Creation,John Coleridge Patteson,"Bishop and Martyr, 1871",6,Red,,,,,2021,2022,C,2
21/09/2022,red,Creation,St Matthew,Apostle and Evangelist,4,Red,,,Ember Day,,2021,2022,C,2
22/09/2022,green,Creation,Thursday after Pentecost 15,Feria,,Green,,,,,2021,2022,C,2
23/09/2022,white,Creation,St Adamnan of Iona,"Abbot, 704",6,White,,,Ember Day,,2021,2022,C,2
24/09/2022,green,Creation,Saturday after Pentecost 15,Feria,,Green,,,Ember Day,,2021,2022,C,2
25/09/2022,green,Creation,Sixteenth Sunday after Pentecost,Pentecost 16,3,Green,,SPB Trinity 15,,,2021,2022,C,2
26/09/2022,white,Creation,St Finnbar of Caithness,"Bishop, c.610",6,White,Translated from 25 September,,,,2021,2022,C,2
27/09/2022,white,Creation,Vincent de Paul,"Priest, 1660",6,White,,,,,2021,2022,C,2
28/09/2022,green,Creation,Wednesday after Pentecost 16,Feria,,Green,,,,,2021,2022,C,2
29/09/2022,white,Creation,St Michael and All Angels,,4,White,,,,,2021,2022,C,2
30/09/2022,white,Creation,St Jerome,"Priest and Teacher of the Faith, 420",6,White,,,,,2021,2022,C,2
01/10/2022,white,Creation,St Gregory the Enlightener,"Bishop, 'Apostle of Armenia', c.332",6,White,,,,,2021,2022,C,2
02/10/2022,green,Creation,Seventeenth Sunday after Pentecost,Pentecost 17 (Harvest Thanksgiving),3,Green,,SPB Trinity 16,,,2021,2022,C,2
03/10/2022,green,Pentecost,Monday after Pentecost 17,Feria,,Green,,,,,2021,2022,C,2
04/10/2022,white,Pentecost,St Francis of Assisi,"Deacon and Friar, 1226",6,White,,,,,2021,2022,C,2
05/10/2022,green,Pentecost,Wednesday after Pentecost 17,Feria,,Green,,,,,2021,2022,C,2
06/10/2022,green,Pentecost,Thursday after Pentecost 17,Feria,,Green,,,,,2021,2022,C,2
07/10/2022,green,Pentecost,Friday after Pentecost 17,Feria,,Green,,,,,2021,2022,C,2
08/10/2022,white,Pentecost,Alexander Penrose Forbes,"Bishop, 1875",6,White,,,,,2021,2022,C,2
09/10/2022,green,Pentecost,Eighteenth Sunday after Pentecost,Pentecost 18,3,Green,,SPB Trinity 17,,,2021,2022,C,2
10/10/2022,green,Pentecost,Monday after Pentecost 18,Feria,,Green,,,,,2021,2022,C,2
11/10/2022,white,Pentecost,St Kenneth,"Abbot, 600",6,White,,,,,2021,2022,C,2
12/10/2022,white,Pentecost,Elizabeth Fry,"Social reformer and philanthropist, 1845",6,White,,,,,2021,2022,C,2
13/10/2022,green,Pentecost,Thursday after Pentecost 18,Feria,,Green,,,,"Ordination of the Rt Revd Mark Strange, Primus, as Bishop of Moray, Ross and Caithness, 2007",2021,2022,C,2
14/10/2022,green,Pentecost,Friday after Pentecost 18,Feria,,Green,,,,,2021,2022,C,2
15/10/2022,white,Pentecost,St Teresa of Avila,"Teacher of the Faith, 1582",6,White,,,,,2021,2022,C,2
16/10/2022,green,Pentecost,Nineteenth Sunday after Pentecost,Pentecost 19,3,Green,,SPB Trinity 18,,,2021,2022,C,2
17/10/2022,red,Pentecost,St Ignatius of Antioch,"Bishop and Martyr, c.115",6,Red,,,,,2021,2022,C,2
18/10/2022,red,Pentecost,St Luke,Evangelist,4,Red,,,,,2021,2022,C,2
19/10/2022,white,Pentecost,Henry Martyn,"Priest and Missionary, 1812",6,White,,,,,2021,2022,C,2
20/10/2022,green,Pentecost,Thursday after Pentecost 19,Feria,,Green,,,,"Ordination of the Rt Revd Ian Paton as Bishop of St Andrews, Dunkeld and Dunblane, 2018",2021,2022,C,2
21/10/2022,green,Pentecost,Friday after Pentecost 19,Feria,,Green,,,,,2021,2022,C,2
22/10/2022,green,Pentecost,Saturday after Pentecost 19,Feria,,Green,,,,,2021,2022,C,2
23/10/2022,green,Pentecost,Twentieth Sunday after Pentecost,Pentecost 20,3,Green,,SPB Trinity 19,,,2021,2022,C,2
24/10/2022,red,Pentecost,St James of Jerusalem,"Martyr, c.62",4,Red,Translated from 23 October,,,,2021,2022,C,2
25/10/2022,green,Pentecost,Tuesday after Pentecost 20,Feria,,Green,,,,,2021,2022,C,2
26/10/2022,green,Pentecost,Wednesday after Pentecost 20,Feria,,Green,,,,,2021,2022,C,2
27/10/2022,green,Pentecost,Thursday after Pentecost 20,Feria,,Green,,,,,2021,2022,C,2
28/10/2022,red,Pentecost,St Simon and St Jude,Apostles,4,Red,,,,,2021,2022,C,2
29/10/2022,red,Pentecost,James Hannington,"Bishop, and Companions, Martyrs, 1885",6,Red,,,,,2021,2022,C,2
30/10/2022,green,Pentecost,Twenty-first Sunday after Pentecost,Pentecost 21,3,Green,,SPB Trinity 20,,,2021,2022,C,2
31/10/2022,green,Pentecost,Monday after Pentecost 21,Feria,,Green,,,,,2021,2022,C,2
01/11/2022,white,Pentecost,All Saints,All Hallows' Day,2,White,,,,,2021,2022,C,2
02/11/2022,violet,Pentecost,All Souls,Commemoration of All the Faithful Departed,5,Violet or White,,,,,2021,2022,C,2
03/11/2022,white,Pentecost,Richard Hooker,"Priest and Teacher of the Faith, 1660",6,White,,,,,2021,2022,C,2
04/11/2022,green,Pentecost,Friday after Pentecost 21,Feria,,Green,,,,,2021,2022,C,2
05/11/2022,green,Pentecost,Saturday after Pentecost 21,Feria,,Green,,,,,2021,2022,C,2
06/11/2022,green,Pentecost,Twenty-second Sunday after Pentecost,Pentecost 22,3,Green,,SPB Trinity 21,,,2021,2022,C,2
07/11/2022,white,Pentecost,St Willibrord,"Bishop and Missionary, 739",6,White,,,,,2021,2022,C,2
08/11/2022,green,Pentecost,Tuesday after Pentecost 22,Feria,,Green,,,,,2021,2022,C,2
09/11/2022,white,Pentecost,George Hay Forbes,"Priest, 1875",6,White,,,,,2021,2022,C,2
10/11/2022,white,Pentecost,St Leo the Great,"Bishop and Teacher of the Faith, 461",6,White,,,,,2021,2022,C,2
11/11/2022,white,Pentecost,Martin of Tours,"Bishop, c.397",6,White,,,,,2021,2022,C,2
12/11/2022,white,Pentecost,St Machar,"Bishop, c.600",6,White,,,,,2021,2022,C,2
13/11/2022,green,Pentecost,Twenty-third Sunday after Pentecost,Pentecost 23 (Remembrance Sunday),3,Green,,SPB Trinity 22,,,2021,2022,C,2
14/11/2022,green,Pentecost,Monday after Pentecost 23,Feria,,Green,,,,"Ordination of Samuel Seabury, Bishop, 1784",2021,2022,C,2
15/11/2022,green,Pentecost,Tuesday after Pentecost 23,Feria,,Green,,,,,2021,2022,C,2
16/11/2022,white,Pentecost,St Margaret of Scotland,"Queen of Scots, 1093",4,White,,,,,2021,2022,C,2
17/11/2022,white,Pentecost,St Hugh of Lincoln,"Bishop, 1200",6,White,,,,,2021,2022,C,2
18/11/2022,white,Pentecost,St Fergus,"Bishop, c.750",6,White,,,,,2021,2022,C,2
19/11/2022,white,Pentecost,St Hilda of Whitby,"Abbess, 680",6,White,,,,,2021,2022,C,2
20/11/2022,white,Pentecost,The Last Sunday after Pentecost,Christ the King (The Sunday before Advent),3,White or Red,,,,,2021,2022,C,2
21/11/2022,white,Pentecost,St Columban,"Bishop, 615",6,White,,,,,2021,2022,C,2
22/11/2022,white,Pentecost,St Cecilia,"Martyr, c.230",6,White,,,,,2021,2022,C,2
23/11/2022,red,Pentecost,St Clement of Rome,"Bishop and Martyr, c.100",6,Red,,,,,2021,2022,C,2
24/11/2022,white,Pentecost,Lucy Menzies,"Scholar and Mystic, 1954",6,White,,,,,2021,2022,C,2
25/11/2022,green,Pentecost,Friday after the Last Sunday after Pentecost,Feria,,Green,,,,,2021,2022,C,2
26/11/2022,green,Pentecost,Saturday after the Last Sunday after Pentecost,Feria,,Green,,,,,2021,2022,C,2
